Repository,Stars,Created At,Open Issues,Total Pull Requests,Total Releases,Language,Closed Issues
freeCodeCamp,426656,2014-12-24T17:49:19Z,296,3,0,TypeScript,19648
build-your-own-x,414531,2018-05-09T12:03:18Z,420,3,0,Markdown,595
awesome,395400,2014-07-11T13:42:37Z,55,3,0,,340
free-programming-books,366501,2013-10-11T06:50:37Z,39,3,0,Python,1152
public-apis,363101,2016-03-20T23:49:42Z,563,3,0,Python,704
developer-roadmap,334771,2017-03-15T13:45:52Z,283,3,1,TypeScript,2693
coding-interview-university,324972,2016-06-06T02:34:12Z,79,3,0,,453
system-design-primer,317792,2017-02-26T16:15:28Z,515,3,0,Python,91
996.ICU,274164,2019-03-26T07:31:14Z,16696,3,0,,0
awesome-python,256991,2014-06-27T21:00:06Z,488,3,0,Python,0
awesome-selfhosted,243935,2015-06-01T02:33:17Z,0,0,1,,0
project-based-learning,241339,2017-04-12T05:07:46Z,239,0,0,,0
react,238430,2013-05-24T16:15:54Z,1025,0,105,JavaScript,13205
vue,209301,2013-07-29T03:24:51Z,603,3,249,TypeScript,9672
Python,204436,2016-07-16T09:44:01Z,421,3,0,Python,1521
linux,200825,2011-09-04T22:48:12Z,490,3,0,C,0
javascript-algorithms,193098,2018-03-24T07:47:04Z,368,3,0,JavaScript,229
tensorflow,191360,2015-11-07T01:19:20Z,1522,3,219,C++,39851
computer-science,191085,2014-05-04T00:18:39Z,15,3,0,HTML,638
the-book-of-secret-knowledge,183853,2018-06-23T10:43:14Z,101,3,0,,0
You-Dont-Know-JS,183067,2013-11-16T02:37:24Z,125,3,0,,863
CS-Notes,181590,2018-02-13T14:56:24Z,189,3,0,,448
ohmyzsh,180978,2009-08-28T18:15:37Z,501,3,0,Shell,4825
AutoGPT,178100,2023-03-16T09:21:07Z,219,3,69,Python,3243
vscode,176140,2015-09-03T20:23:38Z,12911,3,177,TypeScript,193792
bootstrap,172960,2011-07-29T21:19:00Z,569,3,94,MDX,22348
flutter,172146,2015-03-06T22:54:58Z,12153,3,7,Dart,97023
Python-100-Days,171320,2018-03-01T16:05:52Z,737,3,0,Jupyter Notebook,0
gitignore,168933,2010-11-08T20:17:14Z,314,0,0,,0
the-art-of-command-line,157912,2015-05-20T15:11:03Z,250,0,0,,0
stable-diffusion-webui,155977,2022-08-22T14:05:26Z,2422,0,27,Python,0
JavaGuide,151434,2018-05-07T13:27:00Z,73,0,0,Java,0
ollama,151052,2023-06-26T19:39:32Z,2150,0,144,Go,0
awesome-go,150950,2014-07-06T13:42:15Z,146,0,0,Go,0
transformers,148888,2018-10-29T13:56:00Z,1984,0,224,Python,0
javascript,147316,2012-11-01T23:13:50Z,177,0,0,JavaScript,0
Microsoft-Activation-Scripts,146142,2020-01-12T23:03:34Z,2,0,24,Batchfile,0
youtube-dl,137070,2010-10-31T14:35:07Z,4144,0,341,Python,0
next.js,134025,2016-10-05T23:32:51Z,3325,0,3248,JavaScript,0
awesome-chatgpt-prompts,133265,2022-12-05T13:54:13Z,281,0,0,JavaScript,0
n8n,133084,2019-06-22T09:24:21Z,1103,0,385,TypeScript,0
go,129601,2014-08-19T04:33:40Z,9522,0,0,Go,0
tech-interview-handbook,129253,2016-07-05T05:00:48Z,54,0,0,TypeScript,0
fucking-algorithm,129019,2020-02-19T09:01:23Z,46,0,1,Markdown,0
scrcpy,127157,2017-11-21T18:00:27Z,2518,0,47,C,0
HelloGitHub,126457,2016-05-04T06:24:11Z,194,0,57,Python,0
30-seconds-of-code,125103,2017-11-29T17:35:03Z,0,0,12,JavaScript,0
yt-dlp,124357,2020-10-26T04:22:55Z,2021,0,118,Python,8199
react-native,123560,2015-01-09T18:10:16Z,1015,3,410,C++,26547
PowerToys,122642,2019-05-01T17:44:02Z,7085,3,117,C#,27634
electron,118054,2013-04-12T01:47:36Z,865,3,1742,C++,20309
kubernetes,117101,2014-06-06T22:56:04Z,2654,3,755,Go,45818
hello-algo,115814,2022-11-04T11:08:34Z,28,3,9,Java,258
free-programming-books-zh_CN,115073,2013-11-04T01:59:19Z,31,3,3,,0
langchain,114319,2022-10-17T02:58:36Z,369,3,950,Jupyter Notebook,8436
node,112969,2014-11-26T19:57:11Z,2353,3,455,JavaScript,17751
dify,112242,2023-04-12T07:40:24Z,818,3,141,TypeScript,12013
d3,111364,2010-09-27T17:22:42Z,22,3,194,Shell,2220
free-for-dev,110955,2015-03-18T21:06:26Z,13,3,0,HTML,0
three.js,108294,2010-03-23T18:58:01Z,600,3,171,JavaScript,12735
open-webui,108094,2023-10-06T22:08:27Z,274,3,122,JavaScript,6024
axios,107484,2014-08-18T22:30:27Z,303,3,97,JavaScript,4643
langflow,106961,2023-02-08T22:28:03Z,859,3,262,Python,0
excalidraw,106060,2020-01-02T01:04:43Z,2327,0,14,TypeScript,0
rust,106055,2010-06-16T20:39:03Z,11441,0,140,Rust,0
TypeScript,105739,2014-06-17T15:28:39Z,6062,0,212,TypeScript,0
deno,104027,2018-05-15T01:34:26Z,2365,0,342,Rust,0
nodebestpractices,104005,2017-09-15T08:33:19Z,82,0,0,Dockerfile,0
create-react-app,103466,2016-07-17T14:55:11Z,2330,0,83,JavaScript,0
GitHub-Chinese-Top-Charts,101587,2019-09-05T03:01:56Z,188,0,0,Java,0
godot,100629,2014-01-04T16:05:36Z,16277,0,61,C++,0
terminal,99385,2017-08-11T18:38:22Z,1651,0,138,C++,0
DeepSeek-V3,99021,2024-12-26T09:52:40Z,69,0,1,Python,0
angular,98557,2014-09-18T16:12:01Z,1459,0,471,TypeScript,0
frp,97910,2015-12-21T15:24:59Z,59,0,106,Go,0
papers-we-love,97556,2013-12-15T14:31:41Z,1,0,0,Shell,0
Awesome-Hacking,96863,2016-03-30T15:47:10Z,26,0,0,,0
iptv,96586,2018-11-14T22:00:57Z,456,0,0,TypeScript,0
material-ui,96477,2014-08-18T19:11:54Z,1766,0,547,TypeScript,0
rustdesk,96435,2020-09-28T15:36:08Z,69,0,31,Rust,0
generative-ai-for-beginners,96179,2023-06-19T16:28:59Z,9,0,0,Jupyter Notebook,169
tauri,95974,2019-07-13T09:09:37Z,1192,3,1493,Rust,4653
ant-design,95801,2015-04-24T15:37:24Z,1272,3,714,TypeScript,30415
ui,93736,2023-01-04T12:43:27Z,1704,3,53,TypeScript,2383
thefuck,93733,2015-04-08T15:08:04Z,392,3,17,Python,472
clean-code-javascript,93719,2016-11-25T22:25:41Z,109,3,0,JavaScript,163
HowToCook,92867,2020-02-29T10:43:49Z,442,3,4,Dockerfile,346
pytorch,92722,2016-08-13T05:26:41Z,17005,3,61,Python,37796
java-design-patterns,92577,2014-08-09T16:45:18Z,162,3,0,Java,830
neovim,92301,2014-01-31T13:39:22Z,1989,3,45,Vim Script,11497
puppeteer,92183,2017-05-09T22:16:13Z,284,3,560,TypeScript,6955
Web-Dev-For-Beginners,91617,2020-11-10T02:44:00Z,142,3,0,JavaScript,243
DeepSeek-R1,90980,2025-01-20T11:57:28Z,64,3,1,,594
tailwindcss,89815,2017-10-06T14:59:14Z,92,3,290,TypeScript,4470
vue-element-admin,89809,2017-04-17T03:35:49Z,1363,3,49,Vue,2357
FreeDomain,89588,2024-05-30T13:23:00Z,18,3,0,HTML,0
fastapi,88849,2018-12-08T08:21:47Z,283,0,208,Python,0
every-programmer-should-know,87996,2017-08-24T13:18:26Z,55,0,0,,0
awesome-mac,87691,2016-07-17T15:33:47Z,152,0,12,JavaScript,0
supabase,87686,2019-10-12T05:56:49Z,720,0,22,TypeScript,0
storybook,87606,2016-03-18T04:23:44Z,2193,0,1617,TypeScript,0
whisper,87300,2022-09-16T20:02:54Z,92,0,13,Python,0
ComfyUI,86739,2023-01-17T03:15:56Z,2754,0,74,Python,0
nvm,86597,2010-04-15T17:47:47Z,362,0,70,Shell,0
NextChat,85666,2023-03-10T18:27:54Z,761,0,77,TypeScript,0
v2rayN,85642,2019-07-30T03:47:24Z,5,0,266,C#,0
llama.cpp,85593,2023-03-10T18:58:00Z,855,0,4099,C++,0
bitcoin,85227,2010-12-19T15:16:43Z,760,0,56,C++,0
app-ideas,85025,2019-02-25T18:36:56Z,476,0,0,,0
django,84796,2012-04-28T02:47:18Z,362,0,0,Python,0
svelte,83931,2016-11-20T18:13:05Z,857,0,512,JavaScript,0
gin,83735,2014-06-16T23:57:25Z,875,0,27,Go,0
opencv,83705,2012-07-19T09:40:17Z,2759,0,66,C++,0
hugo,83092,2013-07-04T15:26:26Z,462,0,338,Go,7365
mermaid,82451,2014-11-01T23:52:32Z,1428,3,164,TypeScript,2099
realworld,82268,2016-02-26T20:49:53Z,48,3,0,TypeScript,503
animate.css,82087,2011-10-12T10:07:38Z,63,3,22,CSS,841
laravel,81951,2011-06-08T03:06:08Z,32,3,198,Blade,0
mall,81398,2018-04-04T01:11:44Z,12,3,3,Java,487
core,80943,2013-09-17T07:29:48Z,2861,3,1491,Python,60233
manim,80202,2015-03-22T18:50:58Z,466,3,13,Python,761
bun,80061,2021-04-14T00:48:17Z,5270,3,197,Zig,8349
FiraCode,79991,2014-11-11T19:32:38Z,416,3,29,Clojure,954
system-prompts-and-models-of-ai-tools,79355,2025-03-05T16:38:29Z,72,3,0,,56
spring-boot,78232,2012-10-19T15:02:57Z,585,3,320,Java,38744
advanced-java,78156,2018-10-06T11:38:30Z,1,3,1,Java,146
devops-exercises,78060,2019-10-03T17:31:21Z,39,3,0,Python,64
models,77624,2016-02-05T01:15:20Z,1261,3,50,Python,6235
awesome-for-beginners,77003,2015-10-24T19:53:36Z,35,3,0,,0
ML-For-Beginners,76906,2021-03-03T01:34:05Z,9,0,0,HTML,0
awesome-interview-questions,76743,2015-11-28T09:48:17Z,49,0,0,,0
gpt4all,76559,2023-03-27T18:49:32Z,733,0,38,C++,0
playwright,76438,2019-11-15T18:32:42Z,870,0,151,TypeScript,0
LeetCodeAnimation,76410,2018-12-06T08:01:22Z,22,0,0,Java,0
funNLP,75684,2018-08-21T11:20:39Z,40,0,0,Python,0
netdata,75672,2013-06-17T18:39:10Z,237,0,121,C,0
syncthing,75611,2013-11-26T09:48:21Z,342,0,440,Go,0
Font-Awesome,75586,2012-02-17T14:19:43Z,3778,0,60,JavaScript,0
github-readme-stats,75556,2020-07-09T10:34:22Z,339,0,0,JavaScript,0
system-design-101,75541,2023-09-18T20:52:03Z,52,0,0,,0
vite,74939,2020-04-21T05:03:57Z,616,0,598,TypeScript,0
json-server,74834,2013-11-27T13:21:13Z,720,0,38,JavaScript,0
union,74825,2023-05-16T22:33:39Z,286,0,95,Rust,0
immich,74487,2022-02-03T15:56:27Z,692,0,263,TypeScript,0
weekly,74439,2018-10-13T12:36:07Z,6058,0,0,,0
uptime-kuma,74183,2021-07-03T01:02:42Z,803,0,111,JavaScript,0
hoppscotch,73692,2019-08-21T13:15:24Z,534,0,83,TypeScript,0
elasticsearch,73644,2010-02-08T13:20:56Z,5367,0,202,Java,36388
code-server,73589,2019-02-27T16:50:41Z,137,3,201,TypeScript,3569
fzf,73248,2013-10-23T16:04:23Z,302,3,70,Go,2781
awesome-vue,73210,2015-10-20T00:16:14Z,70,3,0,,190
Best-websites-a-programmer-should-visit,73073,2017-03-05T20:25:17Z,920,3,0,,103
Deep-Live-Cam,72747,2023-09-24T13:19:31Z,84,3,8,Python,925
nest,72431,2017-02-04T20:12:52Z,73,3,131,TypeScript,5645
markitdown,72376,2024-11-13T19:56:40Z,334,3,15,Python,71
gemini-cli,72198,2025-04-17T17:04:31Z,1654,3,51,TypeScript,2437
clash-verge-rev,72181,2023-11-21T18:24:03Z,141,3,50,TypeScript,3703
d2l-zh,71939,2017-08-23T04:40:24Z,114,3,16,Python,0
stable-diffusion,71376,2022-08-10T14:36:44Z,607,3,0,Jupyter Notebook,195
Front-End-Checklist,71060,2017-10-16T10:12:36Z,2,3,1,,147
screenshot-to-code,70799,2023-11-14T17:53:32Z,127,3,0,Python,278
redis,70644,2009-03-21T22:32:25Z,2659,3,96,C,4629
moby,70552,2013-01-18T18:10:57Z,3675,3,237,Go,0
flask,70229,2010-04-06T11:11:59Z,4,0,37,Python,0
Ventoy,70170,2020-03-10T15:19:19Z,953,0,105,C,0
cs-video-courses,69650,2016-10-21T17:02:11Z,2,0,0,,0
grafana,69634,2013-12-11T15:59:56Z,3750,0,550,TypeScript,0
awesome-react,69578,2014-08-06T05:31:44Z,43,0,0,,0
PayloadsAllTheThings,69491,2016-10-18T07:29:07Z,13,0,5,Python,0
reveal.js,69477,2011-06-07T18:54:22Z,862,0,49,JavaScript,0
awesome-machine-learning,69466,2014-07-15T19:11:19Z,6,0,0,Python,0
strapi,69313,2015-09-30T15:34:48Z,1153,0,479,TypeScript,0
gpt_academic,69160,2023-03-20T09:05:13Z,285,0,32,Python,0
tesseract,69101,2014-08-12T18:04:59Z,450,0,34,C++,0
swift,68989,2015-10-23T21:15:07Z,8508,0,60,C++,0
protobuf,68900,2014-08-26T15:52:15Z,480,0,195,C++,0
browser-use,68754,2024-10-31T16:00:56Z,608,0,77,Python,0
cpython,68554,2017-02-10T19:23:51Z,9295,0,0,Python,0
node,68469,2023-02-01T13:55:02Z,68,0,54,Go,0
sherlock,68248,2018-12-24T14:30:48Z,238,0,1,Python,0
imgui,67837,2014-07-21T14:29:47Z,1183,0,114,C++,0
awesome-mcp-servers,67774,2024-11-30T04:49:10Z,115,0,0,,0
superset,67763,2015-07-21T18:55:34Z,798,3,233,TypeScript,11177
express,67605,2009-06-26T18:56:01Z,193,3,160,JavaScript,3887
LLMs-from-scratch,67544,2023-07-23T18:15:57Z,4,3,0,Jupyter Notebook,172
new-pac,67538,2016-03-23T08:43:36Z,442,3,0,Python,1342
openai-cookbook,67475,2022-03-11T02:08:53Z,78,3,0,Jupyter Notebook,558
cs-self-learning,66776,2021-10-20T13:43:42Z,124,3,5,HTML,104
localsend,66636,2022-12-16T00:46:07Z,806,3,24,Dart,646
Chart.js,66436,2013-03-17T23:56:36Z,487,3,116,JavaScript,6804
obs-studio,66435,2013-10-01T02:40:31Z,972,3,223,C,3937
caddy,66421,2015-01-13T19:45:03Z,221,3,130,Go,4160
ansible,66077,2012-03-06T14:58:02Z,864,3,163,Python,32480
uv,65969,2023-10-02T20:24:11Z,2124,3,209,Rust,5497
awesome-cpp,65926,2014-07-17T08:51:11Z,419,3,0,,237
servers,65926,2024-11-19T01:10:17Z,221,3,19,TypeScript,469
tabby,65722,2016-12-23T09:06:10Z,2378,3,201,TypeScript,3427
33-js-concepts,65549,2018-09-04T13:27:04Z,82,0,0,JavaScript,0
webpack,65504,2012-03-10T10:08:14Z,208,0,438,JavaScript,0
act,65385,2019-01-02T19:53:43Z,249,0,88,Go,0
SecLists,65240,2012-02-19T01:30:18Z,6,0,28,PHP,0
AppFlowy,65118,2021-06-16T12:56:48Z,1016,0,111,Dart,0
gpt4free,65026,2023-03-29T17:00:43Z,10,0,337,Python,0
lobe-chat,64888,2023-05-21T07:19:12Z,1002,0,1967,TypeScript,0
javascript-questions,64805,2019-06-12T08:26:27Z,44,0,0,,0
awesome-scalability,64785,2017-12-27T03:46:40Z,15,0,0,,0
Stirling-PDF,64683,2023-01-27T18:22:42Z,371,0,135,Java,0
echarts,64471,2013-04-03T03:18:59Z,1971,0,122,TypeScript,0
zed,64441,2021-02-20T03:01:06Z,2760,0,972,Rust,0
interviews,64391,2017-02-14T18:19:25Z,115,0,0,Java,0
awesome-public-datasets,64207,2014-11-20T06:20:50Z,129,0,1,,0
lazygit,64093,2018-05-19T00:53:06Z,773,0,169,Go,0
nocode,63822,2018-02-06T23:54:00Z,4613,0,1,Dockerfile,0
the-algorithm,63517,2023-03-27T14:57:57Z,464,0,0,Scala,0
anime,63459,2016-03-13T21:37:45Z,77,0,23,JavaScript,0
keras,63368,2015-03-28T00:35:42Z,296,3,81,Python,12297
ragflow,63189,2023-12-12T06:13:13Z,2725,3,32,TypeScript,2328
scikit-learn,63152,2010-08-17T09:43:38Z,2163,3,47,Python,10082
Java,63107,2016-07-16T10:21:02Z,15,3,0,Java,1103
awesome-llm-apps,63029,2024-04-29T05:30:25Z,8,3,0,Python,88
design-resources-for-developers,62878,2020-05-06T14:40:35Z,0,3,0,,104
annotated_deep_learning_paper_implementations,62827,2020-08-25T02:29:34Z,26,3,0,Python,113
OpenHands,62616,2024-03-13T03:33:31Z,482,3,76,Python,2968
resume.github.com,62595,2011-02-06T13:39:55Z,67,3,0,JavaScript,66
Apollo-11,62561,2014-04-03T15:45:02Z,124,3,0,Assembly,326
awesome-courses,62447,2014-11-15T18:36:49Z,58,3,0,,39
awesome-nodejs,62371,2014-07-11T13:35:34Z,18,3,0,,102
socket.io,62341,2010-03-11T18:24:48Z,210,3,75,TypeScript,3423
sway,62164,2021-01-19T20:54:33Z,885,3,178,Rust,2454
docusaurus,61485,2017-06-20T16:13:53Z,347,3,151,TypeScript,3028
redux,61321,2015-05-29T23:53:15Z,44,0,78,TypeScript,0
Prompt-Engineering-Guide,61210,2022-12-16T16:04:50Z,223,0,0,MDX,0
lodash,60897,2012-04-07T04:11:46Z,121,0,2,JavaScript,0
atom,60590,2012-01-20T18:18:21Z,994,0,538,JavaScript,0
Front-end-Developer-Interview-Questions,60536,2012-02-09T23:34:10Z,39,0,0,Nunjucks,0
architect-awesome,60414,2018-04-06T13:30:58Z,65,0,0,,0
open-interpreter,60361,2023-07-14T07:10:44Z,274,0,48,Python,0
llm-course,60308,2023-06-17T22:16:25Z,66,0,0,,0
localstack,60272,2016-10-25T23:48:03Z,289,0,94,Python,0
alacritty,60106,2016-02-18T05:02:30Z,334,0,101,Rust,0
prometheus,60095,2012-11-24T11:14:12Z,728,0,342,Go,0
markdown-here,60003,2012-05-13T03:27:22Z,315,0,17,JavaScript,0
rustlings,59758,2015-09-15T02:25:18Z,68,0,46,Rust,0
ghidra,59708,2019-03-01T03:27:48Z,1756,0,46,Java,0
jquery,59555,2009-04-03T15:20:14Z,94,0,11,JavaScript,0
nerd-fonts,59356,2014-12-05T04:31:17Z,42,0,38,CSS,0
tldr,59012,2013-12-08T07:34:43Z,219,0,6,Markdown,0
shadowsocks-windows,58988,2013-01-14T07:54:16Z,196,0,55,C#,0
angular.js,58763,2010-01-06T00:34:37Z,463,0,0,JavaScript,0
spring-framework,58729,2010-12-08T04:04:45Z,311,3,341,Java,26847
llama,58677,2023-02-14T09:29:12Z,500,3,0,Python,652
MetaGPT,58117,2023-06-30T09:04:55Z,67,3,22,Python,855
scrapy,58070,2010-02-22T02:01:14Z,684,3,43,Python,2714
nuxt,58032,2016-10-26T11:18:47Z,874,3,256,TypeScript,15895
uBlock,57981,2015-04-01T17:51:11Z,18,3,277,JavaScript,3431
leetcode-master,57969,2019-12-14T12:05:42Z,231,3,0,Shell,66
fuel-core,57549,2020-08-27T21:12:14Z,165,3,123,Rust,970
rails,57350,2008-04-11T02:19:47Z,1297,3,149,Ruby,17723
html5-boilerplate,57147,2010-01-24T18:03:24Z,19,3,34,JavaScript,1346
awesome-flutter,56992,2017-05-07T11:45:27Z,30,3,0,Dart,0
LLaMA-Factory,56842,2023-05-28T10:09:12Z,626,3,34,Python,6761
nocodb,56655,2017-10-29T18:51:48Z,678,3,174,TypeScript,3619
private-gpt,56520,2023-05-02T09:15:31Z,278,3,10,Python,961
DeepLearning-500-questions,56489,2018-06-27T06:36:45Z,120,3,0,JavaScript,81
drawio-desktop,56476,2017-05-25T20:58:42Z,66,0,159,JavaScript,0
vllm,56471,2023-02-09T11:23:20Z,2836,0,73,Python,0
you-get,56364,2012-08-20T15:53:36Z,383,0,123,Python,0
mkcert,56275,2018-06-25T05:33:03Z,160,0,14,Go,0
traefik,56231,2015-09-13T19:04:02Z,670,0,483,Go,0
git,56223,2008-07-23T14:21:26Z,256,0,0,C,0
awesome-chatgpt-prompts-zh,56033,2022-12-12T01:55:03Z,41,0,0,,0
openpilot,55934,2016-11-24T01:33:30Z,156,0,58,Python,0
gatsby,55915,2015-05-21T22:43:05Z,354,0,155,JavaScript,0
leetcode,55584,2018-03-30T09:13:51Z,11,0,40,JavaScript,0
Magisk,55512,2016-09-08T12:42:53Z,45,0,151,Kotlin,0
react-router,55415,2014-05-16T22:22:51Z,122,0,311,TypeScript,0
face_recognition,55330,2017-03-03T21:52:39Z,819,0,2,Python,0
yolov5,55134,2020-05-18T03:45:11Z,294,0,10,Python,0
Real-Time-Voice-Cloning,54916,2019-05-26T08:56:15Z,226,0,0,Python,0
minio,54847,2015-01-14T19:23:58Z,58,0,519,Go,0
ripgrep,54826,2016-03-11T02:02:33Z,185,0,72,Rust,0
gpt-engineer,54787,2023-04-29T12:52:15Z,49,0,20,Python,0
AFFiNE,54594,2022-07-31T18:45:21Z,350,0,577,TypeScript,2735
faceswap,54442,2017-12-19T09:44:13Z,41,3,4,Python,848
zustand,54354,2019-04-09T09:10:06Z,5,3,98,TypeScript,688
element,54242,2016-09-03T06:19:26Z,2936,3,145,Vue,15249
bat,54144,2018-04-21T10:52:23Z,337,3,41,Rust,1193
ChatGPT,54051,2022-12-07T09:43:02Z,872,3,34,Rust,361
project-layout,53617,2017-09-09T16:33:26Z,94,3,0,Makefile,44
awesome-android-ui,53519,2014-12-24T01:45:03Z,37,3,0,,94
rich,53480,2019-11-10T15:28:09Z,290,3,170,Python,1223
hackingtool,53392,2020-04-11T09:21:31Z,70,3,0,Python,321
normalize.css,53364,2011-05-04T10:20:25Z,86,3,0,CSS,461
requests,53222,2011-02-13T18:38:17Z,276,3,14,Python,3861
maybe,53189,2024-01-01T22:23:46Z,0,3,28,Ruby,0
PaddleOCR,53094,2020-05-08T10:38:16Z,204,3,24,Python,9767
pi-hole,53076,2014-06-08T15:02:55Z,57,3,118,Shell,3043
astro,53039,2021-03-15T17:19:47Z,195,3,2483,TypeScript,0
meilisearch,52948,2018-04-23T11:45:28Z,257,0,268,Rust,0
FFmpeg,52689,2011-04-14T14:12:38Z,3,0,0,C,0
firecrawl,52541,2024-04-15T21:02:29Z,202,0,24,TypeScript,0
appwrite,52489,2019-04-08T16:36:25Z,817,0,112,TypeScript,0
rclone,52282,2014-03-16T16:19:57Z,1162,0,115,Go,0
awesome-rust,52274,2014-07-17T10:45:10Z,10,0,0,Rust,0
github-cheat-sheet,52195,2014-04-12T16:38:42Z,39,0,0,,0
material-design-icons,52021,2014-10-08T18:01:28Z,376,0,16,,0
ionic-framework,52009,2013-08-20T23:06:02Z,601,0,914,TypeScript,0
dive,51838,2018-05-13T15:44:01Z,178,0,28,Go,0
pdf.js,51695,2011-04-26T06:32:03Z,458,0,76,JavaScript,0
crawl4ai,51665,2024-05-09T09:48:50Z,243,0,8,Python,0
segment-anything,51653,2023-03-23T17:03:03Z,580,0,0,Jupyter Notebook,0
OpenBB,51473,2020-12-20T10:46:38Z,56,0,46,Python,0
core,51413,2018-06-12T13:49:36Z,1076,0,247,TypeScript,0
Docker-OSX,51255,2020-06-04T11:01:37Z,405,0,0,Shell,0
Semantic-UI,51200,2013-04-08T23:32:04Z,1077,0,154,JavaScript,0
kotlin,51160,2012-02-13T17:29:58Z,191,0,266,Kotlin,0
trackerslist,51146,2016-04-24T11:57:57Z,6,3,0,,479
marktext,51089,2017-11-12T16:05:25Z,1326,3,36,JavaScript,1637
guava,51049,2014-05-29T16:23:17Z,719,3,56,Java,2993
joplin,51020,2017-01-16T21:49:41Z,574,3,386,TypeScript,6722
prettier,50891,2016-11-29T17:13:37Z,1482,3,127,JavaScript,5737
starship,50773,2019-04-02T03:23:12Z,925,3,135,Rust,1774
powerlevel10k,50694,2019-02-24T19:09:45Z,126,3,33,Shell,2465
jekyll,50537,2008-10-20T06:29:03Z,223,3,112,Ruby,4781
grok-1,50455,2024-03-17T08:53:38Z,121,3,0,Python,0
Ghost,50427,2013-05-04T11:09:13Z,174,3,903,JavaScript,7068
GPT-SoVITS,50400,2024-01-14T18:05:21Z,792,3,4,Python,1178
gitea,50343,2016-11-01T02:13:26Z,2793,3,216,Go,12309
ImHex,50259,2020-11-10T14:27:00Z,250,3,80,C++,1183
DefinitelyTyped,50245,2012-10-05T16:39:45Z,718,3,1,TypeScript,7520
etcd,50157,2013-07-06T21:57:21Z,289,3,259,Go,6825
pocketbase,50112,2022-07-05T06:06:21Z,20,0,221,Go,0
first-contributions,50074,2016-09-20T14:35:09Z,147,0,0,,0
chinese-poetry,49987,2016-09-02T03:32:25Z,126,0,1,JavaScript,0
bulma,49924,2016-01-23T23:48:34Z,505,0,22,CSS,0
cline,49789,2024-07-06T07:28:10Z,567,0,147,TypeScript,0
awesome-ios,49729,2014-07-10T16:03:45Z,13,0,0,Swift,0
go-ethereum,49633,2013-12-26T13:05:46Z,293,0,219,Go,0
OpenManus,49252,2025-03-06T14:08:14Z,537,0,3,Python,0
hiring-without-whiteboards,49180,2017-03-15T05:09:01Z,24,0,0,JavaScript,0
autogen,49153,2023-08-18T11:43:45Z,474,0,97,Python,0
Motrix,49010,2018-12-18T11:45:05Z,762,0,21,JavaScript,0
mastodon,48911,2016-02-22T15:01:25Z,4280,0,289,Ruby,0
30-Days-Of-Python,48847,2019-11-19T17:24:16Z,194,0,0,Python,0
cypress,48844,2015-03-04T00:46:28Z,1329,0,373,TypeScript,0
awesome-wechat-weapp,48827,2016-09-22T20:04:48Z,2,0,0,,0
hacker-scripts,48653,2015-11-21T19:05:09Z,67,0,0,JavaScript,0
vaultwarden,48441,2018-02-17T22:40:20Z,23,0,73,Rust,0
anything-llm,48386,2023-06-04T02:29:14Z,300,0,20,JavaScript,0
alist,48306,2020-12-23T17:40:29Z,588,0,137,Go,0
PowerShell,48286,2016-01-13T23:41:35Z,1272,3,186,C#,11929
RxJava,48261,2013-01-08T20:11:48Z,13,3,241,Java,3159
dayjs,48170,2018-04-10T09:26:44Z,1137,3,120,JavaScript,853
moment,48092,2011-03-01T02:46:06Z,293,3,0,JavaScript,3911
100-Days-Of-ML-Code,48047,2018-07-05T09:11:43Z,65,3,0,,0
professional-programming,47950,2015-11-07T05:07:52Z,0,3,0,Python,29
ChinaTextbook,47725,2020-01-05T04:11:06Z,70,3,0,Roff,53
algorithm-visualizer,47667,2016-05-15T00:27:45Z,72,3,0,JavaScript,76
julia,47543,2011-04-21T07:01:50Z,5029,3,181,Julia,21396
big-list-of-naughty-strings,47393,2015-08-08T20:57:20Z,109,3,0,Python,32
huginn,47134,2013-03-10T06:00:31Z,695,3,1,Ruby,1569
ladybird,47016,2024-05-30T09:18:10Z,576,3,0,C++,647
json,46999,2013-07-04T08:47:49Z,103,3,45,C++,2299
serverless,46859,2015-04-21T03:48:40Z,1242,3,455,JavaScript,5387
gogs,46820,2014-02-12T01:57:08Z,980,3,84,Go,4223
Projects,46780,2013-07-04T13:37:27Z,98,0,0,,0
x64dbg,46773,2015-04-11T20:48:23Z,610,0,4,C++,0
design-patterns-for-humans,46762,2017-02-16T21:24:39Z,16,0,0,,0
okhttp,46612,2012-07-23T13:42:55Z,72,0,0,Kotlin,0
react,46574,2018-06-02T04:08:16Z,1,0,0,JavaScript,0
query,46417,2019-09-10T19:23:58Z,127,0,1103,TypeScript,0
pandas,46416,2010-08-24T01:37:33Z,3706,0,112,Python,0
type-challenges,46348,2020-07-23T14:33:11Z,32565,0,0,TypeScript,0
v2ray-core,46319,2015-09-04T11:42:53Z,9,0,247,Go,0
open-source-ios-apps,46264,2015-01-26T23:32:34Z,3,0,37,,0
terraform,46227,2014-03-13T22:25:48Z,1870,0,380,Go,0
Fooocus,46103,2023-08-09T18:43:40Z,269,0,21,Python,0
learn-regex,46073,2017-07-22T12:21:03Z,64,0,0,,0
quill,46003,2012-07-30T23:23:18Z,579,0,95,TypeScript,0
lx-music-desktop,45930,2019-08-14T14:31:08Z,970,0,110,TypeScript,0
lazydocker,45814,2019-05-18T08:53:50Z,217,0,42,Go,0
htmx,45789,2020-04-13T16:17:51Z,598,0,26,JavaScript,0
pixijs,45630,2013-01-21T22:40:50Z,272,0,293,TypeScript,0
kubernetes-the-hard-way,45561,2016-07-07T14:15:27Z,26,0,0,,0
awesome-react-components,45310,2016-06-24T15:19:33Z,31,0,0,,44
PythonDataScienceHandbook,45302,2016-08-10T14:24:36Z,226,3,0,Jupyter Notebook,78
odoo,45268,2014-05-13T15:38:58Z,8530,3,0,Python,15110
architecture-samples,45256,2016-02-05T13:42:07Z,211,3,0,Kotlin,348
jadx,45255,2013-03-18T17:08:21Z,394,3,31,Java,1528
typst,45140,2019-09-24T21:41:56Z,961,3,22,Rust,2579
dbeaver,45028,2015-10-21T08:26:28Z,3128,3,230,Java,16330
jest,45008,2013-12-10T00:18:04Z,257,3,210,TypeScript,7876
30-Days-Of-JavaScript,45001,2019-12-23T14:07:40Z,361,3,0,JavaScript,59
open-source-mac-os-apps,44976,2017-11-03T02:35:33Z,117,3,0,,161
AdminLTE,44952,2013-12-25T02:52:40Z,164,3,77,CSS,2747
discourse,44916,2013-01-12T00:25:55Z,125,3,0,Ruby,0
awesome-java,44849,2014-07-09T10:12:43Z,2,3,0,,136
ultralytics,44832,2022-09-11T16:39:45Z,370,3,261,Python,11433
text-generation-webui,44810,2022-12-21T04:17:37Z,2585,3,80,Python,1430
unsloth,44729,2023-11-29T16:50:09Z,792,3,16,Python,0
frontend-dev-bookmarks,44688,2013-06-22T13:23:55Z,127,0,1,,0
meteor,44686,2012-01-19T01:58:17Z,357,0,0,JavaScript,0
brew,44645,2016-03-06T05:08:38Z,25,0,444,Ruby,0
coolify,44623,2021-01-25T20:54:01Z,613,0,624,PHP,0
zx,44531,2021-05-05T05:50:01Z,15,0,96,JavaScript,0
termux-app,44498,2015-10-23T09:42:46Z,461,0,95,Java,0
v2rayNG,44278,2019-05-15T02:15:31Z,8,0,256,Kotlin,0
hyper,44212,2016-07-01T06:01:21Z,1018,0,88,TypeScript,0
CppCoreGuidelines,44125,2015-08-19T20:22:52Z,256,0,4,CSS,0
awesome-cheatsheets,43950,2017-11-09T02:47:15Z,126,0,0,JavaScript,0
parcel,43934,2017-08-07T16:36:47Z,583,0,48,JavaScript,0
llama_index,43923,2022-11-02T04:24:54Z,277,0,405,Python,0
nanoGPT,43893,2022-12-28T00:51:12Z,306,0,0,Python,0
memos,43884,2021-12-08T15:30:18Z,34,0,80,Go,0
awesome-design-patterns,43870,2018-06-04T17:47:48Z,20,0,0,,0
build-web-application-with-golang,43785,2012-08-02T11:49:35Z,133,0,0,Go,0
acme.sh,43779,2015-12-26T12:56:33Z,1318,0,44,Shell,0
react-hook-form,43733,2019-03-05T23:47:10Z,91,0,585,TypeScript,0
monaco-editor,43732,2016-06-07T16:56:31Z,738,0,91,JavaScript,3154
JeecgBoot,43709,2018-11-26T10:40:00Z,45,3,61,Java,7570
babel,43706,2014-09-28T13:38:23Z,753,3,442,TypeScript,8403
TensorFlow-Examples,43700,2015-11-11T14:21:19Z,225,3,0,Jupyter Notebook,70
retrofit,43694,2010-09-06T21:39:43Z,160,3,4,HTML,2622
fuels-rs,43631,2021-10-31T22:33:54Z,69,3,117,Rust,609
fuels-ts,43617,2021-09-03T18:11:03Z,73,3,154,TypeScript,1398
prisma,43606,2019-06-20T13:33:47Z,2351,3,224,TypeScript,9054
grpc,43550,2014-12-08T18:58:53Z,1123,3,356,C++,11118
Leaflet,43488,2010-09-22T16:57:44Z,529,3,33,JavaScript,4885
react-use,43471,2018-10-27T10:16:05Z,630,3,256,TypeScript,244
front-end-interview-handbook,43467,2018-01-13T19:40:08Z,12,3,0,MDX,91
metabase,43406,2015-02-02T19:25:47Z,3844,3,678,Clojure,19537
Rocket.Chat,43280,2015-05-19T07:36:09Z,3363,3,1105,TypeScript,13776
Flowise,43050,2023-03-31T12:23:09Z,717,3,73,TypeScript,1629
pyenv,43004,2012-08-31T06:57:52Z,59,3,132,Roff,0
edex-ui,42975,2017-01-28T09:35:02Z,6,0,29,JavaScript,0
jellyfin,42943,2018-12-09T06:36:45Z,546,0,91,C#,0
reactjs-interview-questions,42868,2018-05-31T17:17:01Z,6,0,0,JavaScript,0
whisper.cpp,42731,2022-09-25T18:26:37Z,1003,0,27,C++,0
expo,42710,2016-08-15T17:14:25Z,792,0,0,TypeScript,0
MinerU,42576,2024-02-29T08:52:34Z,137,0,121,Python,0
nvm-windows,42567,2014-09-20T16:37:28Z,92,0,23,Go,0
ClickHouse,42549,2016-06-02T08:28:18Z,5169,0,674,C++,0
pm2,42487,2013-05-21T03:25:25Z,1068,0,128,JavaScript,0
Made-With-ML,42483,2018-11-05T03:44:27Z,20,0,0,Jupyter Notebook,0
git-flight-rules,42427,2014-07-22T20:35:09Z,18,0,0,,0
TTS,42281,2020-05-20T15:45:28Z,7,0,98,Python,0
what-happens-when,42217,2013-11-07T04:30:06Z,2080,0,0,,0
Alamofire,42064,2014-07-31T05:56:19Z,51,0,102,Swift,0
ruff,42007,2022-08-09T17:17:44Z,1698,0,376,Rust,0
python-patterns,41990,2012-06-06T21:02:35Z,15,0,0,Python,0
CPlusPlusThings,41891,2019-07-14T08:45:45Z,16,0,0,C++,0
sentry,41822,2010-08-30T22:06:41Z,2526,0,154,Python,13622
spark,41769,2014-02-25T08:00:08Z,220,3,0,Scala,0
airflow,41748,2015-04-13T18:04:58Z,1540,3,103,Python,11196
chinese-independent-developer,41713,2017-09-21T11:08:23Z,3,3,0,,201
Pake,41706,2022-10-14T09:32:57Z,21,3,32,JavaScript,385
iina,41689,2016-12-19T07:18:45Z,1816,3,45,Swift,2428
freqtrade,41664,2017-05-17T23:48:53Z,40,3,100,Python,5308
EasySpider,41642,2020-07-18T02:41:27Z,235,3,10,JavaScript,485
stablediffusion,41628,2022-11-23T23:59:50Z,299,3,0,Python,76
kong,41617,2014-11-17T23:56:08Z,139,3,145,Lua,4495
cobra,41600,2013-09-03T20:40:26Z,323,3,24,Go,986
yarn,41561,2016-01-19T17:39:16Z,2074,3,152,JavaScript,4732
tldraw,41471,2021-05-09T11:48:37Z,292,3,81,TypeScript,1520
GitHubDaily,41392,2018-12-30T13:56:58Z,415,3,0,,176
diagrams,41383,2020-02-02T15:23:24Z,382,3,44,Python,222
swiper,41349,2012-03-14T19:11:45Z,236,3,87,JavaScript,0
ailearning,41318,2017-02-25T08:53:02Z,3,0,2,Python,0
dubbo,41255,2012-06-19T07:56:02Z,905,0,111,Java,0
bevy,41233,2020-01-18T21:13:55Z,2940,0,43,Rust,0
vue2-elm,41153,2016-12-23T01:49:20Z,119,0,0,Vue,0
jsoncrack.com,41127,2022-01-30T15:25:18Z,43,0,22,TypeScript,0
ColossalAI,41118,2021-10-28T16:19:44Z,475,0,50,Python,0
ChatGLM-6B,41113,2023-03-13T12:00:18Z,599,0,0,Python,0
streamlit,41108,2019-08-24T00:14:52Z,1245,0,106,Python,0
uni-app,41064,2018-07-12T08:52:39Z,733,0,0,JavaScript,0
spotube,41055,2021-02-14T03:17:58Z,815,0,40,Dart,0
nw.js,41049,2012-01-04T06:21:10Z,930,0,0,JavaScript,0
awesome-compose,41001,2020-02-13T08:51:42Z,277,0,0,HTML,0
styled-components,40887,2016-08-16T06:41:32Z,327,0,176,TypeScript,0
black,40857,2018-03-14T19:54:45Z,360,0,46,Python,0
zig,40734,2015-08-06T00:51:28Z,3697,0,20,Zig,0
vuetify,40705,2016-09-12T00:39:35Z,673,0,606,TypeScript,0
hexo,40688,2012-09-23T15:17:08Z,94,0,114,TypeScript,0
TrafficMonitor,40642,2017-07-30T02:51:17Z,1181,0,26,C++,0
Summer2026-Internships,40480,2020-05-23T20:53:18Z,4,0,0,,0
fastlane,40439,2014-12-02T17:00:38Z,917,0,552,Ruby,12500
cli,40437,2019-10-03T15:24:53Z,872,3,175,Go,4316
fanqiang,40331,2015-01-14T00:34:25Z,330,3,3,Kotlin,467
mitmproxy,40290,2010-02-16T04:10:13Z,372,3,77,Python,3228
pure-bash-bible,40040,2018-06-13T01:39:33Z,62,3,0,Shell,33
penpot,39978,2015-12-29T22:09:07Z,505,3,59,Clojure,1432
tabler,39970,2018-02-01T09:08:59Z,97,3,51,HTML,1005
cheat.sh,39952,2017-05-07T21:40:56Z,137,3,0,Python,133
WeChatMsg,39934,2023-01-11T05:03:49Z,25,3,0,,0
DeepSpeed,39881,2020-01-23T18:35:18Z,1205,3,98,Python,2084
AI-For-Beginners,39820,2021-03-03T16:27:36Z,46,3,0,Jupyter Notebook,107
zod,39727,2020-03-07T20:59:08Z,256,3,183,TypeScript,2541
gradio,39655,2018-12-19T08:24:04Z,433,3,4041,Python,5513
helix,39627,2020-06-01T04:26:56Z,1226,3,30,Rust,4546
50projects50days,39627,2020-11-16T14:39:01Z,24,3,0,CSS,0
ai-hedge-fund,39606,2024-11-29T16:30:01Z,41,3,0,Python,0
chakra-ui,39595,2019-08-17T14:27:54Z,9,0,3543,TypeScript,0
awesome-remote-job,39585,2015-01-02T00:31:34Z,8,0,0,,0
slidev,39556,2021-04-24T01:25:23Z,158,0,394,TypeScript,0
legado,39503,2019-05-22T04:18:58Z,72,0,115,Kotlin,0
MoneyPrinterTurbo,39486,2024-03-11T02:57:34Z,190,0,9,Python,0
bert,39459,2018-10-25T22:57:34Z,885,0,0,Python,0
winutil,39443,2022-04-28T02:25:19Z,204,0,22,PowerShell,0
wrk,39423,2012-03-20T11:12:28Z,201,0,0,C,0
php-src,39398,2011-06-16T01:52:25Z,1520,0,23,C,0
zju-icicles,39394,2016-06-28T16:17:32Z,10,0,0,HTML,0
fd,39353,2017-05-09T21:27:10Z,150,0,41,Rust,0
upscayl,39296,2022-07-30T17:19:20Z,62,0,29,TypeScript,0
esbuild,39267,2016-06-14T16:08:50Z,563,0,301,Go,0
Deep-Learning-Papers-Reading-Roadmap,39242,2016-10-14T11:49:48Z,91,0,0,Python,0
English-level-up-tips,39208,2017-05-30T07:18:52Z,30,0,0,HTML,0
video.js,39069,2010-05-14T18:45:10Z,611,0,332,JavaScript,0
FastChat,39036,2023-03-19T00:18:02Z,954,0,14,Python,0
materialize,38970,2014-09-12T19:35:38Z,791,0,41,JavaScript,0
pandoc,38957,2010-03-20T20:34:23Z,1055,3,147,Haskell,7022
tidb,38944,2015-09-06T04:01:52Z,5242,3,210,Go,17265
vim,38842,2015-08-18T21:03:56Z,1573,3,0,Vim Script,7432
mem0,38799,2023-06-20T08:58:36Z,495,3,265,Python,749
gorm,38765,2013-10-25T08:31:38Z,481,3,5,Go,5548
tmux,38692,2015-06-03T23:32:55Z,65,3,37,C,3665
remote-jobs,38679,2015-10-13T03:49:25Z,29,3,0,JavaScript,170
ray,38676,2016-10-25T19:38:30Z,3037,3,109,Python,18257
curl,38660,2010-03-18T22:32:22Z,33,3,91,C,5154
chatgpt-on-wechat,38627,2022-08-07T08:33:41Z,345,3,63,Python,1699
aria2,38565,2010-11-27T09:41:48Z,1112,3,24,C++,824
RSSHub,38484,2018-04-02T14:43:21Z,394,3,0,TypeScript,5744
styleguide,38452,2015-05-20T19:18:59Z,165,3,0,HTML,239
daisyui,38445,2020-11-28T22:57:27Z,54,3,101,Svelte,1931
bark,38417,2023-04-07T19:34:48Z,256,3,0,Jupyter Notebook,239
plane,38371,2022-11-19T12:55:01Z,507,0,48,TypeScript,0
quivr,38352,2023-05-12T23:53:30Z,20,0,354,Python,0
trpc,38329,2020-07-18T01:17:11Z,200,0,218,TypeScript,0
phaser,38306,2013-04-12T12:27:51Z,102,0,172,JavaScript,0
Files,38286,2019-01-04T18:19:14Z,528,0,123,C#,0
logseq,38244,2020-05-23T00:06:06Z,1272,0,150,Clojure,0
photoprism,38223,2018-01-27T12:00:15Z,434,0,78,Go,0
free,38107,2020-06-07T02:48:33Z,531,0,0,,0
MPAndroidChart,38102,2014-04-25T14:29:47Z,2191,0,44,Java,0
impress.js,38058,2011-12-28T22:23:19Z,63,0,15,JavaScript,0
leveldb,38041,2014-08-27T21:17:52Z,366,0,21,C++,0
shellcheck,37996,2012-11-17T03:15:11Z,1143,0,30,Haskell,0
preact,37911,2015-09-11T02:40:18Z,139,0,231,JavaScript,0
appsmith,37804,2020-06-30T04:07:36Z,4375,0,290,TypeScript,0
ccxt,37797,2017-05-14T15:41:56Z,1368,0,174,Python,0
cal.com,37765,2021-03-22T13:47:42Z,1416,0,514,TypeScript,0
Awesome-Design-Tools,37688,2019-02-12T13:55:30Z,101,0,0,JavaScript,25
novu,37661,2021-08-26T15:22:44Z,234,3,54,TypeScript,1396
ChatTTS,37655,2024-05-27T18:26:49Z,70,3,6,Python,587
system-design,37616,2022-08-15T18:59:54Z,2,3,0,,21
python-cheatsheet,37610,2018-01-25T04:16:53Z,22,3,0,Python,60
Free-Certifications,37538,2020-07-31T10:26:19Z,51,3,0,,69
fiber,37493,2020-01-16T03:59:20Z,84,3,128,Go,1494
jan,37473,2023-08-17T02:17:10Z,155,3,87,TypeScript,2724
freecodecamp.cn,37469,2016-09-30T03:13:43Z,156,3,0,CSS,445
Open-Assistant,37459,2022-12-13T05:24:17Z,290,3,127,Python,1418
ant-design-pro,37450,2017-08-25T10:40:44Z,155,3,26,TypeScript,9601
data-engineer-handbook,37309,2023-11-19T19:47:41Z,24,3,0,Jupyter Notebook,64
tutorials,37244,2013-04-29T18:26:36Z,43,3,0,Java,772
lapce,37238,2018-02-06T08:41:06Z,841,3,32,Rust,1177
full-stack-fastapi-template,37229,2019-02-23T15:08:34Z,214,3,10,TypeScript,260
devdocs,37218,2013-10-24T18:16:07Z,225,3,0,Ruby,0
istio,37191,2016-11-18T23:57:21Z,516,0,393,Go,0
payload,37154,2021-01-05T18:49:45Z,705,0,522,TypeScript,0
windows,37151,2024-01-14T13:09:40Z,110,0,104,Shell,0
tesseract.js,37101,2015-06-24T02:49:52Z,40,0,56,JavaScript,0
GFPGAN,37021,2021-03-19T06:18:20Z,395,0,8,Python,0
insomnia,37014,2016-04-23T03:54:26Z,758,0,528,TypeScript,0
aider,37006,2023-05-09T18:57:49Z,1191,0,93,Python,0
aspnetcore,37005,2014-03-11T06:09:42Z,3629,0,258,C#,0
interview_internal_reference,36980,2019-06-10T06:54:19Z,33,0,0,Python,0
wtfjs,36957,2017-07-14T15:42:12Z,46,0,25,JavaScript,0
docs,36938,2024-05-07T16:49:36Z,34,0,0,MDX,0
googletest,36926,2015-07-28T15:07:53Z,460,0,11,C++,0
docling,36921,2024-07-09T07:50:26Z,507,0,119,Python,0
node,36903,2024-05-13T23:20:40Z,14,0,6,Shell,0
siyuan,36865,2020-08-30T09:21:35Z,420,0,813,TypeScript,0
taro,36853,2018-04-08T09:32:26Z,1624,0,200,TypeScript,0
milvus,36829,2019-09-16T06:43:43Z,680,0,130,Go,0
faiss,36812,2017-02-07T16:07:05Z,287,0,20,C++,0
ink-kit,36807,2024-11-04T16:32:17Z,3,3,0,TypeScript,3
codex,36758,2025-04-13T05:37:54Z,500,3,96,Rust,680
halo,36717,2018-03-21T12:56:52Z,301,3,226,Java,4029
deeplearningbook-chinese,36694,2016-12-07T11:46:51Z,67,3,7,TeX,139
interview,36677,2018-02-09T09:49:48Z,1,3,0,C++,65
v,36661,2019-02-08T02:57:06Z,1091,3,275,V,8610
arthas,36654,2018-08-29T17:15:57Z,461,3,59,Java,1722
JavaFamily,36605,2019-11-12T04:26:18Z,5,3,0,,60
wtfpython,36579,2017-08-28T20:22:19Z,69,3,2,Python,157
MockingBird,36574,2021-08-07T03:53:39Z,481,3,1,Python,412
cli,36448,2012-02-25T12:39:13Z,211,3,47,Python,722
bruno,36446,2022-09-27T20:51:45Z,1494,3,140,JavaScript,1852
HEU_KMS_Activator,36423,2019-06-23T00:49:35Z,157,3,48,,28
gym,36417,2016-04-27T14:59:16Z,128,3,19,Python,1726
chatbox,36378,2023-03-06T12:22:15Z,878,3,47,TypeScript,1453
ToolJet,36373,2021-03-30T08:51:34Z,895,0,322,JavaScript,0
MediaCrawler,36331,2023-06-09T12:14:34Z,100,0,0,Python,0
Umi-OCR,36305,2022-03-28T04:01:46Z,272,0,31,Python,0
google-research,36251,2018-10-04T18:42:48Z,1640,0,0,Jupyter Notebook,0
metasploit-framework,36224,2011-08-30T06:13:20Z,473,0,0,Ruby,0
og-aws,36210,2016-07-13T17:30:16Z,159,0,0,Shell,0
nushell,36208,2019-05-10T16:59:42Z,1519,0,111,Rust,0
crewAI,36161,2023-10-27T03:26:59Z,148,0,99,Python,0
manifesto,36078,2023-08-13T16:17:24Z,20,0,0,HTML,0
date-fns,36067,2014-10-06T10:24:22Z,846,0,122,TypeScript,0
compose,36042,2013-12-09T11:40:58Z,96,0,263,Go,0
shadowsocks-android,36040,2012-12-16T13:40:29Z,54,0,185,Kotlin,0
lerna,36013,2015-12-04T09:36:55Z,406,0,244,TypeScript,0
Langchain-Chatchat,35965,2023-03-31T12:12:45Z,122,0,31,TypeScript,0
DragGAN,35911,2023-05-18T10:08:02Z,153,0,0,Python,0
sheetjs,35882,2012-12-03T19:25:52Z,132,0,0,,0
cobalt,35859,2022-07-08T18:12:55Z,185,0,0,Svelte,0
955.WLB,35858,2019-03-27T23:53:37Z,201,0,0,,0
puter,35784,2024-03-03T01:44:32Z,190,0,8,JavaScript,0
hello-algorithm,35750,2020-05-29T05:47:09Z,11,3,0,Java,33
typeorm,35724,2016-02-29T07:41:14Z,2485,3,38,TypeScript,6059
desktop,35676,2024-03-28T00:05:55Z,419,3,116,C++,6560
carbon,35652,2017-06-16T02:50:28Z,72,3,215,JavaScript,626
koa,35607,2013-07-20T18:53:45Z,24,3,9,JavaScript,909
HanLP,35549,2014-10-09T06:36:16Z,12,3,62,Python,1421
engineering-blogs,35495,2015-06-13T18:25:17Z,142,3,0,Ruby,74
fullPage.js,35464,2013-09-20T11:58:29Z,149,3,105,JavaScript,4000
lottie-android,35459,2016-10-06T22:42:42Z,38,3,59,Java,1745
REKCARC-TSC-UHT,35449,2019-04-05T03:31:23Z,2,3,0,HTML,30
ai-agents-for-beginners,35443,2024-11-28T10:42:52Z,11,3,0,Jupyter Notebook,58
mindsdb,35419,2018-08-02T17:56:45Z,124,3,311,Python,4265
marked,35414,2011-07-24T13:15:51Z,13,3,157,TypeScript,1593
awesome-react-native,35337,2015-03-26T19:58:06Z,98,3,0,JavaScript,35
spacedrive,35309,2021-09-27T05:09:04Z,125,3,26,TypeScript,388
nativefier,35289,2015-07-05T05:56:42Z,258,0,99,TypeScript,0
vim-plug,35172,2013-09-10T14:58:51Z,83,0,8,Vim Script,0
sqlmap,35140,2012-06-26T09:52:15Z,60,0,10,Python,0
twenty,35138,2022-12-01T13:04:40Z,217,0,47,TypeScript,0
pytorch-image-models,35124,2019-02-02T05:51:12Z,79,0,69,Python,0
polars,35077,2020-05-13T19:45:33Z,2795,0,226,Rust,0
awesome-shell,35068,2014-07-07T01:57:42Z,115,0,0,,0
hackathon-starter,35052,2013-11-13T17:24:12Z,11,0,17,JavaScript,0
the-way-to-go_ZH_CN,35017,2013-03-24T17:18:38Z,46,0,0,Go,0
glide,34946,2013-07-08T22:52:33Z,600,0,47,Java,0
NewPipe,34896,2015-09-03T23:39:26Z,1249,0,137,Java,0
LocalAI,34876,2023-03-18T22:58:02Z,394,0,83,Go,0
Coursera-ML-AndrewNg-Notes,34851,2017-11-04T10:04:08Z,67,0,0,HTML,0
cursor-free-vip,34838,2025-01-11T08:14:22Z,566,0,69,Python,0
leetcode,34834,2018-09-16T14:03:03Z,0,0,21,Java,0
AgentGPT,34817,2023-04-07T02:29:19Z,211,0,12,TypeScript,0
outline,34775,2016-05-22T21:31:47Z,106,0,147,TypeScript,0
ghostty,34769,2022-03-29T17:38:26Z,184,0,1,Zig,0
bubbletea,34735,2020-01-10T21:04:03Z,126,0,62,Go,295
awesome-javascript,34517,2014-07-01T15:59:02Z,21,3,0,,88
caffe,34506,2013-09-12T18:39:48Z,1177,3,14,C++,3901
fastify,34429,2016-09-28T19:10:14Z,124,3,298,JavaScript,2014
supervision,34422,2022-11-28T14:08:44Z,129,3,33,Python,415
TaskMatrix,34402,2023-03-02T09:04:28Z,256,3,0,Python,136
node-v0.x-archive,34379,2009-05-27T16:29:46Z,0,3,0,,6379
netty,34374,2010-11-09T09:22:21Z,651,3,0,Java,6104
RevokeMsgPatcher,34361,2019-07-21T15:12:52Z,42,3,21,C#,854
jieba,34353,2012-09-29T07:52:01Z,689,3,9,Python,229
manim,34333,2020-05-19T02:37:13Z,453,3,29,Python,1308
formik,34291,2017-06-14T19:50:59Z,829,3,196,TypeScript,1558
LLM101n,34269,2024-05-27T00:23:38Z,19,3,0,,0
gold-miner,34247,2015-11-04T03:29:13Z,10,3,0,,5592
portainer,34227,2016-05-19T20:15:28Z,796,3,163,TypeScript,5283
HowToLiveLonger,34223,2022-04-16T04:15:18Z,38,3,0,,0
OpenVoice,34215,2023-11-29T12:17:01Z,272,0,0,Python,0
llvm-project,34175,2016-12-07T09:39:33Z,31618,0,137,LLVM,0
clipboard.js,34160,2015-09-18T23:04:55Z,12,0,42,JavaScript,0
solid,34129,2018-04-24T16:36:27Z,122,0,35,TypeScript,0
linux-command,34059,2016-11-12T15:44:26Z,82,0,31,Markdown,0
12306,34049,2017-05-17T12:23:40Z,281,0,1,Python,0
anoma,34042,2021-02-02T10:00:16Z,186,0,12,Elixir,0
husky,34035,2014-06-23T12:14:21Z,95,0,80,JavaScript,0
react-beautiful-dnd,34032,2017-08-09T03:37:15Z,644,0,68,JavaScript,0
framework,34008,2013-01-10T21:27:28Z,80,0,859,PHP,0
poetry,33880,2018-02-28T15:23:47Z,579,0,142,Python,0
spring-boot-demo,33859,2017-11-10T06:27:29Z,142,0,0,Java,0
Python,33807,2011-11-30T09:04:08Z,438,0,0,Python,0
zsh-autosuggestions,33691,2013-10-26T16:09:37Z,187,0,0,Shell,0
shadowsocks,33651,2012-04-20T13:10:49Z,450,0,2,Python,0
LeetCode-Go,33649,2017-07-18T00:06:14Z,20,0,4,Go,0
awesome-deepseek-integration,33648,2024-01-11T02:43:17Z,143,0,0,,0
AndroidUtilCode,33621,2016-07-30T18:18:32Z,323,0,117,Java,0
easyexcel,33596,2018-02-06T03:14:08Z,570,0,14,Java,3131
JavaScript,33552,2017-07-13T06:12:33Z,127,3,0,JavaScript,200
zxing,33548,2011-10-12T14:07:27Z,4,3,31,Java,1322
AFNetworking,33536,2011-05-31T21:28:44Z,102,3,40,Objective-C,0
ShareX,33504,2013-10-08T23:32:10Z,527,3,83,C#,6382
aseprite,33501,2014-08-19T23:44:50Z,1834,3,118,C++,2511
mattermost,33475,2015-06-15T06:50:02Z,957,3,847,TypeScript,8381
awesome-docker,33467,2014-09-21T17:01:48Z,7,3,1,,127
How-To-Ask-Questions-The-Smart-Way,33397,2015-03-28T16:52:40Z,9,3,0,JavaScript,20
stats,33384,2019-05-29T19:24:56Z,26,3,303,Swift,2164
nps,33330,2018-11-04T13:22:51Z,522,3,59,Go,697
gpt-pilot,33321,2023-08-16T11:56:07Z,244,3,0,Python,314
XX-Net,33299,2015-01-15T09:35:51Z,7920,3,390,Python,5407
jax,33290,2018-10-25T21:25:02Z,2263,3,126,Python,4886
Fabric,33213,2024-01-03T23:18:31Z,78,3,252,JavaScript,666
carbon-lang,33163,2020-04-27T21:45:16Z,176,3,416,C++,0
brackets,33158,2011-12-07T21:14:40Z,2779,0,69,JavaScript,0
lossless-cut,33138,2016-10-30T10:49:56Z,213,0,100,TypeScript,0
harness,33131,2014-02-07T07:54:44Z,76,0,53,Go,0
awesome-cursorrules,33093,2024-09-16T15:38:38Z,42,0,0,MDX,0
gulp,33066,2013-07-04T05:26:06Z,33,0,24,JavaScript,0
immutable-js,33065,2014-07-02T06:02:29Z,112,0,89,TypeScript,0
selenium,33041,2013-01-14T21:40:56Z,261,0,108,Java,0
vault,33007,2015-02-25T00:15:59Z,1360,0,168,Go,0
ijkplayer,33002,2013-06-03T04:12:04Z,2884,0,0,C,0
AnotherRedisDesktopManager,32995,2019-01-08T06:01:56Z,151,0,53,JavaScript,0
ruoyi-vue-pro,32974,2021-01-24T03:18:25Z,3,0,44,Java,0
openpose,32955,2017-04-24T14:06:31Z,358,0,15,C++,0
ControlNet,32952,2023-02-01T02:43:30Z,454,0,0,Python,0
Folo,32848,2024-04-08T03:23:35Z,209,0,210,TypeScript,0
ShadowsocksX-NG,32822,2016-06-10T11:49:00Z,312,0,30,Swift,0
awesome-awesomeness,32818,2014-07-08T05:44:19Z,41,0,0,Ruby,0
libpku,32724,2018-11-22T13:33:06Z,15,0,0,TeX,0
C-Plus-Plus,32717,2016-07-16T10:19:45Z,23,0,0,C++,0
Reactive-Resume,32712,2020-03-25T14:08:22Z,345,3,95,TypeScript,1248
qBittorrent,32696,2012-02-04T09:37:46Z,2342,3,0,C++,14567
swc,32642,2017-12-22T11:40:14Z,433,3,716,Rust,3578
detectron2,32632,2019-09-05T21:30:20Z,576,3,10,Python,3091
bulletproof-react,32571,2021-05-30T14:47:16Z,46,3,0,TypeScript,77
data-engineering-zoomcamp,32482,2021-10-21T09:32:50Z,3,3,0,Jupyter Notebook,134
pnpm,32475,2016-01-28T07:40:43Z,1966,3,1013,TypeScript,3018
jq,32471,2012-07-18T19:57:25Z,445,3,15,C,1920
certbot,32417,2014-11-12T02:52:20Z,177,3,62,Python,5340
rufus,32402,2011-11-19T19:12:05Z,11,3,84,C,2503
drawdb,32397,2023-07-16T17:09:20Z,101,3,0,JavaScript,157
agno,32387,2022-05-04T15:23:02Z,203,3,88,Python,1155
it-tools,32362,2020-04-05T11:50:24Z,720,3,10,Vue,201
refine,32352,2021-01-20T12:01:32Z,50,3,1594,TypeScript,1624
spaCy,32329,2014-07-03T15:15:40Z,200,3,129,Python,5550
duckdb,32326,2018-06-26T15:04:45Z,536,0,51,C++,0
modern-unix,32318,2021-01-12T00:50:14Z,66,0,0,,0
Real-ESRGAN,32298,2021-07-19T03:23:30Z,606,0,10,Python,0
CyberChef,32297,2016-11-28T10:34:07Z,529,0,447,JavaScript,0
learnGitBranching,32286,2012-08-13T22:36:09Z,49,0,0,JavaScript,0
material-design-lite,32265,2015-01-14T22:01:33Z,425,0,14,HTML,0
serenity,32248,2018-12-02T19:28:41Z,733,0,0,C++,0
tiptap,32231,2018-08-20T19:58:58Z,746,0,899,TypeScript,0
beego,32222,2012-02-29T02:32:08Z,20,0,42,Go,0
cherry-studio,32214,2024-05-24T01:56:26Z,632,0,192,TypeScript,0
directus,32206,2012-12-12T01:35:36Z,341,0,342,TypeScript,0
pathway,32203,2022-11-27T13:01:14Z,45,0,75,Python,0
chatbot-ui,32167,2023-03-11T14:53:14Z,225,0,0,TypeScript,0
my-tv,32148,2023-12-04T12:18:39Z,148,0,72,C,0
run,32110,2022-04-10T05:42:40Z,42,0,0,,0
tabby,32003,2023-03-16T09:18:01Z,254,0,243,Rust,0
etcher,31999,2015-10-27T16:53:23Z,590,0,289,TypeScript,0
nacos,31988,2018-06-15T06:49:27Z,273,0,84,Java,0
GPT_API_free,31955,2023-04-23T12:42:08Z,29,3,0,Python,353
chatgpt-web,31939,2023-02-09T03:21:37Z,1,3,43,Vue,1747
vnpy,31904,2015-03-02T03:36:58Z,23,3,64,Python,2110
yew,31901,2017-12-16T14:19:02Z,147,3,35,Rust,1143
swr,31865,2019-10-28T18:16:01Z,177,3,123,TypeScript,817
awesome-php,31839,2013-11-26T03:14:19Z,71,3,0,,152
v2ray-core,31834,2019-04-15T10:05:54Z,53,3,111,Go,1002
mpv,31830,2012-10-13T08:08:44Z,1008,3,87,C,9648
WxJava,31804,2016-01-06T08:24:05Z,71,3,30,Java,2306
android-open-project,31792,2014-01-05T15:20:15Z,27,3,0,,75
shardeum,31765,2024-04-16T22:37:25Z,84,3,0,TypeScript,33
fairseq,31748,2017-08-29T16:26:12Z,1342,3,16,Python,3055
Hello-Python,31719,2022-08-03T17:14:53Z,22,3,0,Python,275
Retrieval-based-Voice-Conversion-WebUI,31688,2023-03-27T09:59:10Z,647,3,7,Python,1299
go-zero,31685,2020-08-07T15:37:57Z,345,3,140,Go,1644
graphql-engine,31670,2018-06-18T07:57:36Z,2367,0,294,TypeScript,0
pytorch-tutorial,31660,2017-03-10T07:41:47Z,89,0,0,Python,0
floating-ui,31659,2016-03-29T17:00:47Z,33,0,497,TypeScript,0
claude-code,31656,2025-02-22T17:41:21Z,2804,0,0,TypeScript,0
mmdetection,31614,2018-08-22T07:06:06Z,1933,0,53,Python,0
YesPlayMusic,31570,2020-10-09T10:04:21Z,610,0,31,Vue,0
remix,31549,2020-10-26T19:57:28Z,7,0,175,TypeScript,0
awesome-cto,31502,2016-12-16T19:22:18Z,0,0,0,,0
html2canvas,31492,2011-07-16T01:05:58Z,1038,0,45,TypeScript,0
echo,31453,2015-03-01T17:43:01Z,109,0,109,Go,0
vimrc,31451,2012-05-29T16:19:29Z,19,0,0,Vim Script,0
rxjs,31432,2015-03-15T06:17:10Z,277,0,2,TypeScript,0
CasaOS,31427,2021-09-26T02:33:09Z,683,0,97,Go,0
lottie-web,31371,2015-02-20T21:02:59Z,833,0,0,JavaScript,0
servo,31357,2012-02-08T19:07:25Z,3133,0,0,HTML,0
MS-DOS,31357,2018-06-25T18:26:02Z,3,0,0,Assembly,0
OpenCut,31328,2025-06-22T08:02:17Z,178,0,0,TypeScript,0
xyflow,31286,2019-07-15T14:47:30Z,99,0,350,TypeScript,0
netron,31267,2010-12-26T12:53:43Z,21,0,3,JavaScript,0
cockroach,31221,2014-02-06T00:18:47Z,7586,3,0,Go,69448
backstage,31207,2020-01-24T22:39:49Z,466,3,445,TypeScript,6706
cursor,31170,2023-03-12T00:19:42Z,2043,3,0,,1214
paper-reading,31151,2021-10-22T06:34:51Z,1,3,0,,0
mediapipe,31107,2019-06-13T19:16:41Z,591,3,63,C++,5035
linux-insides,31092,2015-01-03T18:44:57Z,39,3,0,Python,160
slate,31079,2016-06-18T01:52:42Z,692,3,205,TypeScript,2530
dokku,31078,2013-06-08T10:26:57Z,60,3,303,Shell,2754
Blog,31043,2017-03-13T10:04:33Z,266,3,0,,100
sharp,31038,2013-08-19T20:24:24Z,118,3,99,JavaScript,3867
ink,30976,2017-06-12T06:12:28Z,83,3,63,TypeScript,302
OCRmyPDF,30972,2013-12-20T08:26:28Z,137,3,41,Python,1137
dotfiles,30967,2011-09-05T18:07:54Z,185,3,0,Shell,254
1Panel,30965,2022-07-19T15:44:52Z,624,3,96,Go,4788
MonitorControl,30957,2017-09-16T21:13:40Z,17,3,26,Swift,968
filebrowser,30942,2015-09-11T21:21:58Z,36,0,97,Go,0
lede,30940,2017-09-06T07:39:03Z,765,0,6,C,0
croc,30926,2017-10-17T15:20:18Z,12,0,175,Go,0
paperless-ngx,30906,2022-02-12T21:56:52Z,17,0,123,Python,0
jQuery-File-Upload,30889,2010-12-01T15:35:32Z,52,0,0,PHP,0
minikube,30863,2016-04-15T22:38:35Z,559,0,151,Go,0
Xray-core,30862,2020-11-09T11:23:10Z,29,0,90,Go,0
k9s,30853,2019-01-25T18:46:02Z,475,0,248,Go,0
khoj,30809,2021-08-16T01:48:44Z,82,0,159,Python,0
headscale,30782,2020-06-21T09:21:05Z,118,0,124,Go,0
kafka,30766,2011-08-15T18:06:16Z,258,0,0,Java,0
fish-shell,30751,2012-05-10T03:00:55Z,506,0,48,Rust,0
awesome-sysadmin,30745,2014-12-23T08:41:22Z,45,0,0,,0
editor.js,30733,2015-11-28T20:56:35Z,686,0,102,TypeScript,0
p3c,30730,2017-06-23T06:15:51Z,186,0,0,Kotlin,0
textual,30713,2021-04-08T15:24:47Z,238,0,185,Python,0
interactive-coding-challenges,30694,2015-04-28T21:36:39Z,76,0,0,Python,0
Sortable,30690,2013-12-19T10:10:13Z,506,0,30,JavaScript,0
comprehensive-rust,30638,2022-12-21T15:17:24Z,146,0,0,Rust,0
k3s,30613,2018-05-31T01:37:46Z,142,0,888,Go,0
UTM,30602,2019-04-12T16:09:24Z,899,3,122,Swift,2543
server,30593,2016-06-02T07:44:14Z,2648,3,351,PHP,17970
spring-boot-examples,30580,2016-11-05T05:32:33Z,17,3,0,Java,99
calculator,30556,2019-01-28T17:55:49Z,419,3,0,C++,718
influxdb,30539,2013-09-26T14:31:10Z,2147,3,94,Rust,11966
Trilium,30525,2017-05-23T00:30:20Z,1112,3,335,TypeScript,3507
symfony,30517,2010-01-04T14:21:21Z,846,3,555,PHP,20696
diffusers,30509,2022-05-30T16:04:02Z,791,3,86,Python,4419
jsPDF,30509,2009-12-06T14:56:32Z,118,3,36,JavaScript,2445
exo,30498,2024-06-24T18:36:22Z,429,3,12,Python,146
gkd,30498,2023-07-04T03:59:15Z,13,3,53,Kotlin,649
Data-Science-For-Beginners,30489,2021-03-03T16:30:15Z,35,3,0,Jupyter Notebook,107
CLIP,30457,2020-12-16T11:24:42Z,259,3,0,Jupyter Notebook,193
umami,30405,2020-07-17T07:59:00Z,107,3,99,TypeScript,1764
weekly,30398,2017-03-20T06:10:04Z,3,3,193,JavaScript,363
medusa,30396,2020-01-18T13:39:04Z,133,0,128,TypeScript,0
rocksdb,30384,2012-11-30T06:16:18Z,1264,0,206,C++,0
webtorrent,30381,2013-10-15T08:16:40Z,78,0,228,JavaScript,0
lux,30348,2018-02-24T11:29:03Z,528,0,86,Go,0
fabric.js,30347,2010-06-09T22:24:38Z,450,0,175,TypeScript,0
layui,30335,2015-09-22T08:12:03Z,78,0,158,JavaScript,0
docsify,30328,2016-11-20T07:55:43Z,120,0,15,JavaScript,0
tqdm,30321,2015-06-03T13:13:14Z,568,0,131,Python,0
NeteaseCloudMusicApi,30317,2016-06-22T11:58:03Z,147,0,0,,0
GPTs,30282,2023-11-11T03:24:16Z,9,0,0,,0
dioxus,30257,2021-01-15T01:57:26Z,458,0,25,Rust,0
numpy,30257,2010-09-13T23:02:39Z,2345,0,132,Python,0
alpine,30247,2019-11-28T13:51:55Z,46,0,137,HTML,0
HEAD,30223,2016-04-20T20:05:37Z,28,0,0,,0
AI-Expert-Roadmap,30220,2020-10-24T21:49:40Z,23,0,0,JavaScript,0
llm-app,30186,2023-07-19T08:43:37Z,6,0,0,Jupyter Notebook,0
CheatSheetSeries,30162,2018-12-21T14:26:43Z,58,0,0,Python,0
roop,30156,2023-05-28T14:37:54Z,13,0,6,Python,0
uppy,30155,2015-11-16T12:32:33Z,171,0,246,TypeScript,0
sniffnet,30142,2022-07-31T21:55:56Z,56,3,14,Rust,239
sequelize,30137,2010-07-22T07:11:11Z,984,3,487,TypeScript,9511
stanford_alpaca,30133,2023-03-10T23:33:09Z,188,3,0,Python,98
OpenAPI-Specification,30115,2014-03-03T16:53:36Z,151,3,12,Markdown,2225
pytorch-lightning,30038,2019-03-31T00:45:57Z,980,3,167,Python,6495
hutool,30018,2014-04-13T07:23:51Z,3,3,153,Java,2986
drizzle-orm,29973,2021-06-24T09:03:05Z,1725,3,147,TypeScript,1693
tinygrad,29954,2020-10-18T16:23:12Z,248,3,13,Python,847
surrealdb,29935,2021-12-09T15:03:29Z,727,3,92,Rust,1506
particles.js,29914,2014-09-06T14:29:47Z,365,3,6,JavaScript,106
AdGuardHome,29863,2016-07-06T10:31:47Z,1185,3,214,Go,4630
restic,29811,2014-04-27T14:07:58Z,494,3,48,Go,2392
wails,29791,2018-12-15T23:14:06Z,290,3,243,Go,1877
leakcanary,29785,2015-04-29T23:54:16Z,136,3,43,Kotlin,1509
DevToys,29781,2021-09-29T01:40:41Z,279,3,38,C#,658
foundation-sites,29769,2011-10-13T23:05:42Z,70,0,79,HTML,0
Hyprland,29767,2022-03-16T19:49:13Z,103,0,96,C++,0
awesome-python-cn,29755,2015-11-03T09:50:50Z,23,0,0,Makefile,0
awesome-macos-command-line,29751,2015-09-22T19:37:55Z,0,0,0,,0
stb,29747,2014-05-25T16:51:23Z,353,0,0,C,0
cheerio,29712,2011-10-09T04:23:20Z,37,0,61,TypeScript,0
vue-cli,29711,2015-12-26T23:11:20Z,1068,0,178,JavaScript,0
folly,29710,2012-06-01T20:49:04Z,395,0,255,C++,0
vue-vben-admin,29702,2020-07-11T02:29:21Z,141,0,60,Vue,0
algo,29696,2016-05-15T03:42:48Z,78,0,3,Python,0
WSL,29661,2016-04-06T17:32:56Z,1028,0,94,C++,0
glances,29657,2011-12-04T08:49:15Z,136,0,51,Python,0
Mr.-Ranedeer-AI-Tutor,29624,2023-03-31T12:37:26Z,13,0,3,,0
DeepFaceLive,29622,2020-12-15T12:19:22Z,1,0,35,Python,0
apollo,29621,2016-03-04T10:24:23Z,146,0,41,Java,0
motion,29617,2018-11-16T09:48:38Z,300,0,0,TypeScript,0
project-guidelines,29557,2017-06-30T10:17:55Z,15,0,0,JavaScript,0
react-boilerplate,29534,2015-02-18T14:36:32Z,130,3,16,JavaScript,1823
500lines,29516,2013-11-04T02:02:53Z,58,3,0,JavaScript,41
LibreChat,29504,2023-02-12T01:06:52Z,260,3,59,TypeScript,3139
mantine,29489,2021-01-07T14:02:19Z,34,3,272,TypeScript,3224
phantomjs,29478,2010-12-27T08:18:58Z,14,3,0,C++,4731
react-three-fiber,29432,2019-02-25T14:31:51Z,100,3,125,TypeScript,1042
tokio,29412,2016-09-09T22:31:36Z,386,3,138,Rust,2191
django-rest-framework,29404,2011-03-02T17:13:56Z,98,3,21,Python,3887
hey,29393,2022-03-19T15:01:46Z,0,3,0,TypeScript,0
Hover,29378,2014-01-02T14:27:35Z,42,3,10,SCSS,83
css-protips,29362,2015-08-29T12:29:03Z,6,3,0,,61
firecracker,29349,2017-10-19T06:18:47Z,71,3,78,Rust,1406
standard,29343,2015-01-27T01:23:31Z,127,3,7,JavaScript,1121
canal,29339,2013-01-13T10:59:52Z,1229,3,32,Java,3571
lighthouse,29301,2016-03-08T01:03:11Z,501,3,125,JavaScript,8693
consul,29249,2013-11-04T22:15:27Z,1345,0,217,Go,0
handson-ml2,29239,2019-01-08T03:49:07Z,230,0,0,Jupyter Notebook,0
keycloak,29237,2013-07-02T13:38:51Z,2261,0,87,Java,0
xxl-job,29219,2015-11-28T12:59:34Z,331,0,39,Java,0
es6features,29195,2014-03-03T18:29:30Z,39,0,0,,0
python-guide,29179,2011-03-15T03:24:20Z,126,0,0,Batchfile,0
zoxide,29169,2020-03-05T13:11:40Z,124,0,36,Rust,0
Clone-Wars,29152,2020-12-02T11:10:16Z,23,0,0,,0
viper,29148,2014-04-02T14:33:33Z,521,0,34,Go,0
TrackersListCollection,29144,2019-10-03T15:55:07Z,1,0,0,,0
tuning_playbook,29105,2023-01-18T23:32:32Z,13,0,0,,0
swift-algorithm-club,29095,2016-01-26T17:56:12Z,62,0,0,Swift,0
plyr,29093,2015-02-14T11:33:07Z,910,0,92,JavaScript,0
composer,29088,2011-06-08T08:53:00Z,137,0,215,PHP,0
refined-github,29056,2016-02-15T16:45:02Z,132,0,175,TypeScript,0
COVID-19,29044,2020-02-04T22:03:53Z,1961,0,0,,0
qlib,29002,2020-08-14T06:46:00Z,293,0,23,Python,724
llama3,28936,2024-03-15T17:57:00Z,212,3,0,Python,119
SpringAll,28933,2018-05-02T02:48:44Z,34,3,0,Java,27
Complete-Python-3-Bootcamp,28867,2018-02-12T19:30:10Z,253,3,0,Jupyter Notebook,225
react-spring,28864,2018-03-07T15:39:32Z,128,3,52,TypeScript,1143
postcss,28861,2013-09-24T23:06:48Z,28,3,268,TypeScript,998
todomvc,28826,2011-06-03T19:56:33Z,170,3,6,JavaScript,661
dragonfly,28782,2021-12-11T10:00:42Z,294,3,108,C++,1588
hosts,28749,2012-04-12T20:22:50Z,119,3,781,Python,1999
spring-cloud-alibaba,28718,2017-12-01T20:49:15Z,236,3,48,Java,2305
posthog,28706,2020-01-23T22:46:58Z,2334,3,19,Python,5578
kitty,28694,2016-10-16T14:48:28Z,19,3,128,Python,6269
JavaScript30,28688,2016-12-07T19:15:31Z,63,3,0,HTML,0
os-tutorial,28679,2014-09-29T08:39:34Z,124,3,0,C,105
xstate,28649,2015-09-14T15:04:15Z,165,3,443,TypeScript,1288
linkedin-skill-assessments-quizzes,28637,2019-07-13T19:52:56Z,85,3,1,,0
slick,28619,2014-03-24T02:10:05Z,1376,0,48,JavaScript,0
continue,28608,2023-05-24T03:39:39Z,797,0,414,TypeScript,0
k6,28602,2016-03-21T15:30:24Z,759,0,78,Go,0
Jobs_Applier_AI_Agent_AIHawk,28602,2024-08-04T12:15:06Z,11,0,0,Python,0
machine-learning-for-software-engineers,28582,2016-10-09T21:20:25Z,30,0,0,,0
immer,28567,2017-12-29T12:25:47Z,57,0,109,JavaScript,0
ExplorerPatcher,28555,2021-08-09T14:17:24Z,276,0,288,C,0
Avalonia,28544,2013-12-05T20:13:21Z,1777,0,110,C#,0
turborepo,28512,2021-10-05T17:37:11Z,162,0,496,Rust,0
openai-python,28498,2020-10-25T23:23:54Z,143,0,321,Python,0
rust-course,28490,2018-08-07T05:01:21Z,71,0,0,Rust,0
jumpserver,28489,2014-07-04T03:54:59Z,34,0,250,Python,0
data-science-ipython-notebooks,28486,2015-01-23T19:38:29Z,40,0,0,Python,0
podman,28486,2017-11-01T15:01:27Z,881,0,228,Go,0
programmer-job-blacklist,28457,2016-06-25T06:09:10Z,171,0,0,Shell,0
vuex,28434,2015-07-16T04:21:26Z,143,0,51,JavaScript,0
openssl,28410,2013-01-15T22:34:48Z,1666,0,283,C,0
Sunshine,28408,2021-12-15T23:38:57Z,109,0,43,C++,986
helm,28394,2015-10-06T01:07:32Z,846,3,216,Go,7681
android_guides,28376,2013-06-19T10:24:45Z,164,3,0,,219
vscodium,28369,2018-08-13T14:26:58Z,128,3,240,Shell,1395
tdesktop,28369,2014-05-02T12:36:31Z,918,3,799,C++,14373
the-super-tiny-compiler,28337,2016-03-11T04:19:18Z,17,3,0,JavaScript,0
reverse-interview,28323,2019-09-08T13:38:40Z,24,3,0,,18
90DaysOfDevOps,28308,2021-12-26T13:55:18Z,10,3,2,Shell,80
applied-ml,28257,2020-07-04T18:57:47Z,2,3,0,,22
marker,28242,2023-10-30T20:14:08Z,305,3,64,Python,292
linera-protocol,28240,2021-12-19T04:09:21Z,538,3,18,Rust,781
gitbook,28235,2014-03-31T03:01:56Z,66,3,82,TypeScript,1884
async,28224,2010-06-01T21:01:30Z,10,3,7,JavaScript,1132
nginx-proxy-manager,28198,2017-12-20T23:01:16Z,987,3,77,JavaScript,2085
druid,28187,2011-11-03T05:12:51Z,2289,3,51,Java,2285
nginxconfig.io,28179,2018-01-05T14:21:14Z,61,3,0,JavaScript,0
backbone,28107,2010-09-30T19:41:28Z,62,0,0,JavaScript,0
dnSpy,28104,2015-07-01T16:05:10Z,185,0,1,C#,0
swagger-ui,28081,2011-07-15T22:56:39Z,1302,0,376,JavaScript,0
python-telegram-bot,28071,2015-07-07T15:30:39Z,26,0,127,Python,0
Python-programming-exercises,28062,2012-06-14T07:56:46Z,159,0,0,,0
trivy,28062,2019-04-11T01:01:07Z,206,0,171,Go,0
ChatGPT,28031,2022-12-03T14:35:24Z,11,0,277,Python,0
litellm,28022,2023-07-27T00:09:52Z,1135,0,991,Python,0
mobx,28017,2015-03-14T14:31:38Z,74,0,113,TypeScript,0
react-select,28009,2014-08-26T04:27:45Z,471,0,61,TypeScript,0
waifu2x,28007,2015-05-17T07:29:15Z,154,0,3,Lua,0
erpnext,27971,2011-06-08T08:20:56Z,2325,0,1599,Python,0
Charts,27937,2015-03-20T10:49:12Z,988,0,38,Swift,0
vhr,27919,2018-01-04T08:57:51Z,213,0,0,Java,0
raylib,27910,2013-10-24T15:46:04Z,29,0,24,C,0
Web,27853,2017-01-03T11:44:33Z,84,0,0,,0
headlessui,27852,2020-09-16T09:53:09Z,127,0,127,TypeScript,0
create-t3-app,27850,2022-05-24T13:31:01Z,94,0,138,TypeScript,0
nginx,27850,2015-06-23T10:26:27Z,283,3,8,C,172
python-fire,27848,2017-02-21T21:35:07Z,149,3,12,Python,207
yazi,27827,2023-07-08T11:45:55Z,53,3,27,Rust,1385
ResumeSample,27821,2014-09-08T08:08:13Z,12,3,0,,0
aos,27809,2015-07-09T17:49:00Z,374,3,0,JavaScript,360
WindTerm,27777,2019-10-09T19:56:09Z,2182,3,32,C,565
Probabilistic-Programming-and-Bayesian-Methods-for-Hackers,27775,2013-01-14T15:46:28Z,205,3,0,Jupyter Notebook,90
EasyOCR,27763,2020-03-14T11:46:39Z,516,3,23,Python,607
redash,27700,2013-10-28T13:19:39Z,726,3,100,Python,1956
flameshot,27666,2017-05-10T19:44:51Z,712,3,30,C++,2105
yapi,27663,2016-05-30T09:09:09Z,1613,3,1,JavaScript,922
dspy,27613,2023-01-09T21:01:51Z,268,3,97,Python,1089
context7,27599,2025-03-26T23:40:39Z,90,3,12,JavaScript,385
commander.js,27576,2011-08-14T21:33:58Z,8,3,83,JavaScript,1131
